{"inputUnits":[63],"outputUnits":3,"inputs":{"0":{"dtype":"number","min":0.06439933180809021,"max":0.9402506947517395},"1":{"dtype":"number","min":0.18975502252578735,"max":0.962348461151123},"2":{"dtype":"number","min":-5.3894297025181e-7,"max":4.6079938442744606e-7},"3":{"dtype":"number","min":0.08934669941663742,"max":0.8500369191169739},"4":{"dtype":"number","min":0.28643035888671875,"max":0.9484691023826599},"5":{"dtype":"number","min":-0.04729706794023514,"max":-0.008157550357282162},"6":{"dtype":"number","min":0.13221663236618042,"max":0.8228130340576172},"7":{"dtype":"number","min":0.3747144639492035,"max":0.86141437292099},"8":{"dtype":"number","min":-0.08107267320156097,"max":-0.004999332129955292},"9":{"dtype":"number","min":0.10271400213241577,"max":0.8783355951309204},"10":{"dtype":"number","min":0.3849480152130127,"max":0.9011455178260803},"11":{"dtype":"number","min":-0.11165475845336914,"max":-0.004036287777125835},"12":{"dtype":"number","min":0.06668899953365326,"max":0.8928831219673157},"13":{"dtype":"number","min":0.31384071707725525,"max":0.9796148538589478},"14":{"dtype":"number","min":-0.13457971811294556,"max":-0.0028508941177278757},"15":{"dtype":"number","min":0.1584237813949585,"max":0.920681893825531},"16":{"dtype":"number","min":0.33072319626808167,"max":0.76235032081604},"17":{"dtype":"number","min":-0.05601600930094719,"max":0.02352093905210495},"18":{"dtype":"number","min":0.12596210837364197,"max":0.9756132364273071},"19":{"dtype":"number","min":0.234831303358078,"max":0.8073977828025818},"20":{"dtype":"number","min":-0.09353616833686829,"max":0.020722443237900734},"21":{"dtype":"number","min":0.10757128894329071,"max":0.9092283844947815},"22":{"dtype":"number","min":0.17813393473625183,"max":0.772534966468811},"23":{"dtype":"number","min":-0.11176779866218567,"max":0.012836812064051628},"24":{"dtype":"number","min":0.09288666397333145,"max":0.8779299855232239},"25":{"dtype":"number","min":0.12219938635826111,"max":0.7507113218307495},"26":{"dtype":"number","min":-0.1226891577243805,"max":0.005067311692982912},"27":{"dtype":"number","min":0.1959204524755478,"max":0.935483455657959},"28":{"dtype":"number","min":0.270305871963501,"max":0.7219327688217163},"29":{"dtype":"number","min":-0.054915063083171844,"max":0.014774231240153313},"30":{"dtype":"number","min":0.17075997591018677,"max":0.9852412939071655},"31":{"dtype":"number","min":0.218751460313797,"max":0.7386976480484009},"32":{"dtype":"number","min":-0.09591340273618698,"max":0.010769099928438663},"33":{"dtype":"number","min":0.15600034594535828,"max":0.8991137146949768},"34":{"dtype":"number","min":0.15994985401630402,"max":0.7635983228683472},"35":{"dtype":"number","min":-0.11452038586139679,"max":-0.0009460492874495685},"36":{"dtype":"number","min":0.14276224374771118,"max":0.893933117389679},"37":{"dtype":"number","min":0.10451701283454895,"max":0.8244795203208923},"38":{"dtype":"number","min":-0.11009994894266129,"max":-0.010151619091629982},"39":{"dtype":"number","min":0.23540836572647095,"max":0.9430280923843384},"40":{"dtype":"number","min":0.20393455028533936,"max":0.7174636721611023},"41":{"dtype":"number","min":-0.058129820972681046,"max":0.0014105765148997307},"42":{"dtype":"number","min":0.21410083770751953,"max":0.9925113916397095},"43":{"dtype":"number","min":0.19106373190879822,"max":0.6665512323379517},"44":{"dtype":"number","min":-0.09933149814605713,"max":-0.010389546863734722},"45":{"dtype":"number","min":0.17303414642810822,"max":0.9328610897064209},"46":{"dtype":"number","min":0.16362400352954865,"max":0.7487562894821167},"47":{"dtype":"number","min":-0.09899742901325226,"max":-0.01258297823369503},"48":{"dtype":"number","min":0.19677625596523285,"max":0.9237621426582336},"49":{"dtype":"number","min":0.10612344741821289,"max":0.8113426566123962},"50":{"dtype":"number","min":-0.08140131086111069,"max":0.00799934659153223},"51":{"dtype":"number","min":0.26736193895339966,"max":0.9502923488616943},"52":{"dtype":"number","min":0.14320340752601624,"max":0.7342082858085632},"53":{"dtype":"number","min":-0.06627680361270905,"max":-0.004770410247147083},"54":{"dtype":"number","min":0.20738723874092102,"max":0.9829394221305847},"55":{"dtype":"number","min":0.13251833617687225,"max":0.6580223441123962},"56":{"dtype":"number","min":-0.08583740890026093,"max":-0.01729542203247547},"57":{"dtype":"number","min":0.1760489046573639,"max":0.9951634407043457},"58":{"dtype":"number","min":0.144248828291893,"max":0.6127243041992188},"59":{"dtype":"number","min":-0.09267816692590714,"max":-0.0021061082370579243},"60":{"dtype":"number","min":0.19057318568229675,"max":1.0098657608032227},"61":{"dtype":"number","min":0.08435845375061035,"max":0.5701878666877747},"62":{"dtype":"number","min":-0.08775844424962997,"max":0.01454739086329937}},"outputs":{"0":{"dtype":"string","min":0,"max":1,"uniqueValues":["👎","🤟","🖖"],"legend":{"👎":[1,0,0],"🤟":[0,1,0],"🖖":[0,0,1]}}},"isNormalized":true}